{
  "version": 2,
  "ROD_LINE_A": [
    0.0,
    -0.006097266318869801,
    0.00048729892394664797,
    0.00040040593065557084,
    0.0002320878228303332,
    -0.0008966495775477881,
    -0.009215780815598183,
    0.0
  ],
  "ROD_LINE_B": [
    0.13,
    0.23834694507694895,
    0.34458868679281834,
    0.4468225415489858,
    0.5547530620783464,
    0.6564141230566876,
    0.7685353129738376,
    0.87
  ],
  "D0_A": [
    0.0,
    0.0,
    0.0,
    0.0,
    0.0,
    0.0,
    0.0,
    0.0
  ],
  "D0_B": [
    0.003991435170173641,
    1.5408041919878768e-05,
    -1.5699420023052024e-05,
    0.00032347645831881655,
    -0.00023016642568340906,
    -0.00025039355413358777,
    -8.398155023070508e-07,
    -0.0014877271652221635
  ],
  "RCW_A": [
    0.0,
    0.0,
    0.0,
    0.0,
    0.0,
    0.0,
    0.0,
    0.0
  ],
  "RCW_B": [
    0.025865450501441956,
    0.027338190768520038,
    0.020841963462989554,
    0.022122890811162976,
    0.01849522955864158,
    0.021789457743807694,
    0.015740823620951305,
    0.013284504413604736
  ],
  "RCCW_A": [
    0.0,
    0.0,
    0.0,
    0.0,
    0.0,
    0.0,
    0.0,
    0.0
  ],
  "RCCW_B": [
    0.021502867341041565,
    0.020681411376875083,
    0.027931069784774998,
    0.02603472872974044,
    0.02933615246585286,
    0.026513213273224978,
    0.03168183281433479,
    0.03375190496444702
  ],
  "CW_SIGN": [
    1.0,
    1.0,
    1.0,
    1.0,
    1.0,
    1.0,
    1.0,
    1.0
  ],
  "PLAYER_GAP_V": 0.06,
  "ANGLE_SIGN": -1.0,
  "HEAD_AREA_MAX": 999.0,
  "ROD_X": [
    0.13,
    0.24,
    0.34,
    0.45,
    0.55,
    0.65,
    0.76,
    0.87
  ],
  "ROD_BAND_HALF_WIDTH": 0.055
}